,enrollment_id,time
0,1,2014-06-14T09:38:29
1,1,2014-06-14T09:38:39
2,1,2014-06-14T09:38:39
3,1,2014-06-14T09:38:48
4,1,2014-06-14T09:41:49
5,1,2014-06-14T09:41:50
6,1,2014-06-14T09:42:28
7,1,2014-06-14T09:42:30
8,1,2014-06-14T09:43:20
9,1,2014-06-14T09:43:25
10,1,2014-06-14T09:43:25
11,1,2014-06-14T09:43:40
12,1,2014-06-14T09:44:29
13,1,2014-06-19T06:21:04
14,1,2014-06-19T06:21:16
15,1,2014-06-19T06:21:16
16,1,2014-06-19T06:21:32
17,1,2014-06-19T06:21:32
18,1,2014-06-19T06:21:45
19,1,2014-06-19T06:21:46
20,1,2014-06-19T06:22:12
21,1,2014-06-19T06:22:13
22,1,2014-06-19T06:22:22
23,1,2014-06-19T06:26:43
24,1,2014-06-19T06:26:43
25,1,2014-06-19T06:33:10
26,1,2014-06-19T06:33:12
27,1,2014-06-19T06:33:42
28,1,2014-06-19T06:33:44
29,1,2014-06-19T06:34:14
30,1,2014-06-19T06:34:14
31,1,2014-06-19T06:57:58
32,1,2014-06-19T06:57:59
33,1,2014-06-19T06:59:43
34,1,2014-06-19T06:59:44
35,1,2014-06-19T06:59:56
36,1,2014-06-19T06:59:57
37,1,2014-06-21T09:54:44
38,1,2014-06-21T09:54:50
39,1,2014-06-21T09:54:51
40,1,2014-06-21T09:54:59
41,1,2014-06-21T09:55:00
42,1,2014-06-21T09:55:14
43,1,2014-06-21T09:55:15
44,1,2014-06-22T01:18:45
45,1,2014-06-22T01:18:47
46,1,2014-06-22T01:42:13
47,1,2014-06-22T01:42:16
48,1,2014-06-22T01:42:30
49,1,2014-06-22T01:42:30
50,1,2014-06-22T01:42:57
51,1,2014-06-22T01:42:59
52,1,2014-06-22T01:44:55
53,1,2014-06-22T01:45:02
54,1,2014-06-22T01:45:14
55,1,2014-06-22T01:45:15
56,1,2014-06-22T01:45:33
57,1,2014-06-23T00:21:38
58,1,2014-06-24T02:41:18
59,1,2014-06-24T02:47:12
60,1,2014-06-24T02:47:12
61,1,2014-06-24T02:47:31
62,1,2014-06-27T00:28:34
63,1,2014-06-27T00:55:35
64,1,2014-06-27T00:55:35
65,1,2014-06-27T00:55:49
66,1,2014-06-27T00:55:50
67,1,2014-06-27T00:57:15
68,1,2014-06-27T00:57:17
69,1,2014-06-27T00:57:17
70,1,2014-06-27T00:58:35
71,1,2014-06-27T00:58:36
72,1,2014-06-27T01:00:40
73,1,2014-06-27T01:00:42
74,1,2014-06-27T01:09:33
75,1,2014-06-27T01:09:34
76,1,2014-06-27T01:10:09
77,1,2014-06-27T01:10:40
78,1,2014-06-27T01:10:42
79,1,2014-06-27T01:10:46
80,1,2014-06-27T01:10:49
81,1,2014-06-27T01:10:51
82,1,2014-06-27T01:10:52
83,1,2014-06-27T01:10:52
84,1,2014-06-27T01:10:52
85,1,2014-06-27T01:13:44
86,1,2014-06-27T01:15:31
87,1,2014-06-27T01:15:32
88,1,2014-06-27T01:15:34
89,1,2014-06-27T01:18:49
90,1,2014-06-27T01:18:50
91,1,2014-06-27T01:19:26
92,1,2014-06-27T01:19:56
93,1,2014-06-27T01:19:57
94,1,2014-06-27T01:20:24
95,1,2014-06-27T01:20:25
96,1,2014-06-27T01:20:38
97,1,2014-06-27T01:20:43
98,1,2014-06-27T01:20:44
99,1,2014-06-27T01:20:45
100,1,2014-06-27T01:20:46
101,1,2014-06-27T01:20:49
102,1,2014-06-27T01:21:04
103,1,2014-06-27T01:21:07
104,1,2014-06-27T01:21:08
105,1,2014-06-27T01:21:11
106,1,2014-06-27T01:21:14
107,1,2014-06-27T01:21:15
108,1,2014-06-27T01:21:25
109,1,2014-06-27T01:21:29
110,1,2014-06-27T01:21:31
111,1,2014-06-27T01:21:31
112,1,2014-06-27T01:21:33
113,1,2014-06-27T01:21:34
114,1,2014-06-27T01:21:49
115,1,2014-06-27T01:21:56
116,1,2014-06-27T01:21:57
117,1,2014-06-27T01:22:00
118,1,2014-06-27T01:22:01
119,1,2014-06-27T01:22:02
120,1,2014-06-27T01:22:20
121,1,2014-06-27T01:22:54
122,1,2014-06-27T01:23:26
123,1,2014-06-27T01:23:26
124,1,2014-06-27T01:23:38
125,1,2014-06-27T01:23:39
126,1,2014-06-27T01:24:00
127,1,2014-06-27T01:24:01
128,1,2014-06-27T01:24:42
129,1,2014-06-30T09:23:03
130,1,2014-06-30T09:28:26
131,1,2014-06-30T09:28:26
132,1,2014-06-30T09:28:37
133,1,2014-06-30T09:28:53
134,1,2014-06-30T09:28:54
135,1,2014-07-01T08:54:31
136,1,2014-07-01T08:54:53
137,1,2014-07-01T08:54:54
138,1,2014-07-01T08:55:22
139,1,2014-07-01T08:55:22
140,1,2014-07-01T08:55:49
141,1,2014-07-01T08:56:01
142,1,2014-07-01T08:56:02
143,1,2014-07-01T09:27:37
144,1,2014-07-01T09:27:39
145,1,2014-07-01T09:27:45
146,1,2014-07-01T23:56:49
147,1,2014-07-01T23:56:49
148,1,2014-07-01T23:56:53
149,1,2014-07-01T23:57:37
150,1,2014-07-01T23:57:37
151,1,2014-07-01T23:57:38
152,1,2014-07-02T00:00:02
153,1,2014-07-02T00:00:04
154,1,2014-07-02T00:00:04
155,1,2014-07-02T00:01:07
156,1,2014-07-02T00:01:09
157,1,2014-07-02T00:01:09
158,1,2014-07-02T00:01:59
159,1,2014-07-02T00:02:01
160,1,2014-07-02T00:02:01
161,1,2014-07-02T00:02:43
162,1,2014-07-02T00:02:44
163,1,2014-07-02T00:16:43
164,1,2014-07-02T00:16:45
165,1,2014-07-02T00:17:14
166,1,2014-07-02T00:17:16
167,1,2014-07-02T00:17:16
168,1,2014-07-02T00:18:06
169,1,2014-07-02T00:18:08
170,1,2014-07-02T00:18:08
171,1,2014-07-02T00:18:39
172,1,2014-07-02T00:18:40
173,1,2014-07-02T00:18:41
174,1,2014-07-02T00:24:22
175,1,2014-07-02T00:24:24
176,1,2014-07-02T00:24:25
177,1,2014-07-02T00:25:27
178,1,2014-07-02T00:25:30
179,1,2014-07-02T00:25:30
180,1,2014-07-02T00:32:16
181,1,2014-07-02T00:32:18
182,1,2014-07-02T00:32:19
183,1,2014-07-02T00:32:30
184,1,2014-07-02T00:32:58
185,1,2014-07-02T00:33:00
186,1,2014-07-02T00:33:01
187,1,2014-07-02T00:33:10
188,1,2014-07-02T00:33:46
189,1,2014-07-02T00:33:47
190,1,2014-07-02T00:33:51
191,1,2014-07-02T00:34:02
192,1,2014-07-02T00:34:53
193,1,2014-07-02T00:34:55
194,1,2014-07-02T00:34:57
195,1,2014-07-02T00:35:59
196,1,2014-07-02T00:36:42
197,1,2014-07-02T00:36:44
198,1,2014-07-02T00:36:46
199,1,2014-07-02T08:12:33
200,1,2014-07-02T08:12:35
201,1,2014-07-02T08:12:36
202,1,2014-07-02T08:13:37
203,1,2014-07-04T03:36:10
204,1,2014-07-04T03:36:27
205,1,2014-07-04T03:36:28
206,1,2014-07-04T03:36:34
207,1,2014-07-04T03:36:35
208,1,2014-07-04T03:36:46
209,1,2014-07-04T03:36:47
210,1,2014-07-04T03:37:42
211,1,2014-07-04T03:38:04
212,1,2014-07-04T03:38:05
213,1,2014-07-04T03:38:10
214,1,2014-07-04T03:38:11
215,1,2014-07-04T03:38:11
216,1,2014-07-04T03:38:37
217,1,2014-07-04T03:38:50
218,1,2014-07-04T03:38:51
219,1,2014-07-04T03:38:53
220,1,2014-07-04T03:39:23
221,1,2014-07-04T03:39:38
222,1,2014-07-04T03:39:39
223,1,2014-07-04T03:39:40
224,1,2014-07-04T03:39:40
225,1,2014-07-04T03:39:44
226,1,2014-07-04T03:39:48
227,1,2014-07-04T03:39:49
228,1,2014-07-04T03:41:02
229,1,2014-07-04T03:41:14
230,1,2014-07-04T03:41:16
231,1,2014-07-04T03:41:17
232,1,2014-07-04T03:41:18
233,1,2014-07-04T03:41:18
234,1,2014-07-04T03:41:51
235,1,2014-07-04T03:41:52
236,1,2014-07-04T03:41:53
237,1,2014-07-04T07:14:14
238,1,2014-07-04T07:14:15
239,1,2014-07-04T07:14:16
240,1,2014-07-04T07:30:39
241,1,2014-07-04T07:30:40
242,1,2014-07-04T07:30:41
243,1,2014-07-04T07:35:49
244,1,2014-07-04T07:35:49
245,1,2014-07-04T07:38:00
246,1,2014-07-04T07:38:01
247,1,2014-07-04T07:38:05
248,1,2014-07-04T07:38:05
249,1,2014-07-04T07:47:32
250,1,2014-07-04T07:48:41
251,1,2014-07-04T07:48:41
252,1,2014-07-04T07:48:43
253,1,2014-07-04T07:49:31
254,1,2014-07-04T07:49:32
255,1,2014-07-04T07:49:33
256,1,2014-07-04T07:49:42
257,1,2014-07-04T07:54:35
258,1,2014-07-04T07:54:46
259,1,2014-07-05T02:10:45
260,1,2014-07-05T02:43:32
261,1,2014-07-05T02:43:33
262,1,2014-07-05T02:43:47
263,1,2014-07-10T03:22:34
264,1,2014-07-10T03:25:55
265,1,2014-07-10T03:25:56
266,1,2014-07-10T03:36:51
267,1,2014-07-11T08:34:00
268,1,2014-07-11T08:34:09
269,1,2014-07-11T08:34:10
270,1,2014-07-11T08:34:33
271,1,2014-07-11T08:34:35
272,1,2014-07-11T08:42:16
273,1,2014-07-11T08:43:18
274,1,2014-07-11T08:43:48
275,1,2014-07-11T08:43:48
276,1,2014-07-11T08:43:55
277,1,2014-07-11T08:44:02
278,1,2014-07-11T08:44:04
279,1,2014-07-11T08:44:07
280,1,2014-07-11T08:57:54
281,1,2014-07-11T08:58:49
282,1,2014-07-11T08:58:59
283,1,2014-07-11T08:59:01
284,1,2014-07-11T08:59:05
285,1,2014-07-11T08:59:07
286,1,2014-07-11T08:59:08
287,1,2014-07-11T08:59:46
288,1,2014-07-11T09:12:55
289,1,2014-07-11T09:14:25
290,1,2014-07-11T09:14:26
291,1,2014-07-11T09:14:29
292,1,2014-07-11T09:14:29
293,1,2014-07-11T09:14:29
294,1,2014-07-11T09:14:37
295,1,2014-07-11T09:14:40
296,1,2014-07-11T09:14:40
297,1,2014-07-11T09:17:45
298,1,2014-07-11T09:18:47
299,1,2014-07-11T09:18:57
300,1,2014-07-11T09:18:58
301,1,2014-07-11T09:18:59
302,1,2014-07-11T09:19:00
303,1,2014-07-11T09:19:05
304,1,2014-07-11T09:19:15
305,1,2014-07-11T09:19:19
306,1,2014-07-11T09:25:13
307,1,2014-07-11T09:25:18
308,1,2014-07-11T09:25:20
309,1,2014-07-11T09:25:23
310,1,2014-07-11T09:32:28
311,1,2014-07-11T09:32:28
312,1,2014-07-11T09:52:56
313,1,2014-07-11T09:52:58
314,3,2014-06-19T08:43:27
315,3,2014-06-19T08:43:41
316,3,2014-06-19T08:43:42
317,3,2014-06-19T08:43:47
318,3,2014-06-19T08:43:58
319,3,2014-06-19T08:43:59
320,3,2014-06-19T08:44:07
321,3,2014-06-19T08:44:07
322,3,2014-06-19T08:44:07
323,3,2014-06-19T08:44:12
324,3,2014-06-19T08:45:05
325,3,2014-06-19T08:45:05
326,3,2014-06-19T08:45:10
327,3,2014-06-19T08:45:11
328,3,2014-06-19T08:45:12
329,3,2014-06-19T08:45:12
330,3,2014-06-19T08:45:14
331,3,2014-06-19T08:45:27
332,3,2014-06-19T08:45:28
333,3,2014-06-19T08:45:42
334,3,2014-06-19T08:45:42
335,3,2014-06-19T08:45:52
336,3,2014-06-19T08:45:52
337,3,2014-06-19T08:45:54
338,3,2014-06-19T08:46:07
339,3,2014-06-19T08:46:07
340,3,2014-06-19T08:46:13
341,3,2014-06-19T08:46:18
342,3,2014-06-23T04:41:01
343,3,2014-06-23T04:41:03
344,3,2014-06-23T04:41:04
345,3,2014-06-26T06:16:34
346,3,2014-06-26T06:16:38
347,3,2014-06-26T06:16:38
348,3,2014-06-26T06:16:44
349,3,2014-06-26T06:16:45
350,3,2014-06-26T06:16:49
351,3,2014-06-26T06:17:17
352,3,2014-06-26T06:17:17
353,3,2014-06-26T06:17:43
354,3,2014-06-26T06:17:43
355,3,2014-06-26T06:17:45
356,3,2014-06-26T06:17:45
357,3,2014-06-26T06:17:49
358,3,2014-06-26T06:18:00
359,3,2014-06-26T06:18:00
360,3,2014-06-26T06:18:12
361,3,2014-06-26T06:18:13
362,3,2014-06-26T06:18:16
363,3,2014-06-26T06:19:44
364,3,2014-06-26T06:19:47
365,3,2014-06-26T06:19:48
366,3,2014-06-26T06:19:53
367,3,2014-06-26T06:19:54
368,3,2014-06-26T06:20:12
369,3,2014-06-26T06:20:21
370,3,2014-06-26T06:20:21
371,3,2014-06-26T06:20:25
372,3,2014-06-26T06:20:38
373,3,2014-06-26T06:20:38
374,3,2014-06-26T06:20:43
375,3,2014-07-01T23:58:54
376,3,2014-07-01T23:58:57
377,3,2014-07-01T23:58:57
378,3,2014-07-01T23:59:02
379,3,2014-07-01T23:59:04
380,3,2014-07-01T23:59:22
381,3,2014-07-01T23:59:22
382,3,2014-07-01T23:59:28
383,3,2014-07-01T23:59:29
384,3,2014-07-01T23:59:32
385,3,2014-07-02T00:00:12
386,3,2014-07-02T00:00:12
387,3,2014-07-02T00:00:14
388,3,2014-07-02T00:00:14
389,3,2014-07-02T00:00:14
390,3,2014-07-02T00:00:25
391,3,2014-07-02T00:00:44
392,3,2014-07-02T00:00:44
393,3,2014-07-02T00:00:46
394,3,2014-07-02T00:00:58
395,3,2014-07-02T00:00:58
396,3,2014-07-02T00:01:01
397,3,2014-07-02T00:01:01
398,3,2014-07-02T00:01:01
399,3,2014-07-02T00:01:09
400,3,2014-07-02T00:01:28
401,3,2014-07-02T00:01:28
402,3,2014-07-02T00:01:48
403,3,2014-07-02T00:01:49
404,3,2014-07-02T00:01:49
405,3,2014-07-02T00:02:18
406,3,2014-07-02T00:02:21
407,3,2014-07-02T00:02:21
408,3,2014-07-02T00:02:23
409,3,2014-07-02T00:02:24
410,3,2014-07-02T00:02:24
411,3,2014-07-02T00:03:06
412,3,2014-07-02T00:03:06
413,3,2014-07-02T00:03:31
414,3,2014-07-02T00:03:32
415,3,2014-07-02T00:03:44
416,3,2014-07-02T00:03:44
417,3,2014-07-02T00:03:46
418,3,2014-07-02T00:03:58
419,3,2014-07-02T00:03:59
420,3,2014-07-02T00:04:08
421,3,2014-07-02T00:04:08
422,3,2014-07-02T00:04:23
423,3,2014-07-02T00:04:23
424,3,2014-07-02T00:04:42
425,3,2014-07-02T00:04:42
426,3,2014-07-02T00:04:46
427,3,2014-07-02T00:05:00
428,3,2014-07-02T00:05:00
429,3,2014-07-02T00:05:15
430,3,2014-07-02T00:05:15
431,3,2014-07-02T00:05:25
432,3,2014-07-02T00:05:26
433,3,2014-07-04T14:27:27
434,3,2014-07-04T14:27:29
435,3,2014-07-04T14:27:30
436,3,2014-07-04T14:27:38
437,3,2014-07-04T14:27:39
438,3,2014-07-04T14:28:07
439,3,2014-07-04T14:28:10
440,3,2014-07-04T14:28:10
441,3,2014-07-04T14:28:11
442,3,2014-07-04T14:28:13
443,3,2014-07-04T14:28:14
444,3,2014-07-04T14:28:15
445,3,2014-07-04T14:28:15
446,3,2014-07-04T14:28:15
447,3,2014-07-04T14:28:24
448,3,2014-07-04T14:28:27
449,3,2014-07-04T14:28:27
450,3,2014-07-04T14:28:29
451,3,2014-07-04T14:28:29
452,3,2014-07-04T14:28:29
453,3,2014-07-04T14:28:34
454,3,2014-07-04T14:28:34
455,3,2014-07-04T14:28:34
456,3,2014-07-04T14:28:42
457,3,2014-07-04T14:28:44
458,3,2014-07-04T14:28:44
459,3,2014-07-04T14:28:47
460,3,2014-07-04T14:28:48
461,3,2014-07-04T14:28:48
462,3,2014-07-04T14:29:04
463,3,2014-07-04T14:29:04
464,3,2014-07-04T14:29:13
465,3,2014-07-04T14:29:13
466,3,2014-07-04T14:29:20
467,3,2014-07-04T14:29:20
468,3,2014-07-04T14:29:22
469,3,2014-07-04T14:29:35
470,3,2014-07-04T14:29:35
471,3,2014-07-04T14:29:39
472,3,2014-07-04T14:29:39
473,3,2014-07-04T14:29:46
474,3,2014-07-04T14:29:46
475,3,2014-07-04T14:29:48
476,3,2014-07-04T14:30:01
477,3,2014-07-04T14:30:02
478,3,2014-07-04T14:30:10
479,3,2014-07-04T14:30:10
480,3,2014-07-04T14:30:11
481,3,2014-07-04T14:30:11
482,3,2014-07-04T14:30:12
483,3,2014-07-04T14:30:12
484,3,2014-07-04T14:30:18
485,3,2014-07-04T14:30:19
486,3,2014-07-04T14:30:30
487,3,2014-07-04T14:30:46
488,3,2014-07-04T14:30:51
489,3,2014-07-04T14:31:20
490,3,2014-07-04T14:32:03
491,3,2014-07-04T14:32:15
492,3,2014-07-04T14:32:20
493,3,2014-07-04T14:32:34
494,3,2014-07-04T14:33:34
495,3,2014-07-04T14:34:56
496,3,2014-07-04T14:35:01
497,3,2014-07-07T14:46:25
498,3,2014-07-07T14:46:27
499,3,2014-07-07T14:46:27
500,3,2014-07-07T14:46:38
501,3,2014-07-07T14:46:46
502,3,2014-07-07T14:48:43
503,3,2014-07-07T14:49:56
504,3,2014-07-07T14:50:15
505,3,2014-07-07T14:58:04
506,3,2014-07-07T14:58:18
507,3,2014-07-07T14:58:21
508,3,2014-07-07T14:59:08
509,3,2014-07-12T04:04:59
510,3,2014-07-12T04:05:09
511,3,2014-07-12T04:05:09
512,3,2014-07-12T04:05:14
513,3,2014-07-12T04:05:23
514,3,2014-07-12T04:05:48
515,3,2014-07-12T04:05:50
516,3,2014-07-12T04:05:50
517,3,2014-07-12T04:05:52
518,3,2014-07-12T04:06:08
519,3,2014-07-12T04:08:11
520,3,2014-07-12T04:08:11
521,3,2014-07-12T04:09:41
522,3,2014-07-12T04:09:41
523,3,2014-07-12T04:09:42
524,3,2014-07-12T04:09:42
525,3,2014-07-12T04:10:52
526,3,2014-07-12T04:10:57
527,3,2014-07-12T04:11:04
528,3,2014-07-12T04:11:04
529,3,2014-07-12T04:11:07
530,3,2014-07-12T04:11:27
531,3,2014-07-12T04:11:27
532,3,2014-07-12T04:11:37
533,3,2014-07-12T04:11:37
534,3,2014-07-12T04:11:39
535,3,2014-07-12T04:11:53
536,3,2014-07-12T04:11:53
537,3,2014-07-12T04:12:00
538,3,2014-07-12T04:12:00
539,3,2014-07-12T04:12:03
540,3,2014-07-12T04:12:17
541,3,2014-07-12T04:12:17
542,3,2014-07-12T04:12:20
543,3,2014-07-12T04:12:21
544,3,2014-07-12T04:12:31
545,3,2014-07-17T08:08:14
546,3,2014-07-17T08:08:19
547,3,2014-07-17T08:08:20
548,3,2014-07-17T08:08:29
549,3,2014-07-17T08:08:33
550,3,2014-07-17T08:09:07
551,3,2014-07-17T08:09:07
552,3,2014-07-17T08:09:09
553,3,2014-07-17T08:09:16
554,3,2014-07-17T08:09:24
555,3,2014-07-17T08:09:24
556,3,2014-07-17T08:09:26
557,3,2014-07-17T08:09:36
558,3,2014-07-17T08:09:39
559,3,2014-07-17T08:09:40
560,3,2014-07-17T08:09:41
561,3,2014-07-17T08:09:52
562,3,2014-07-17T08:09:55
563,3,2014-07-17T08:09:56
564,3,2014-07-17T08:09:58
565,3,2014-07-17T08:10:12
566,3,2014-07-17T08:10:12
567,3,2014-07-17T08:10:18
568,3,2014-07-17T08:10:19
569,3,2014-07-17T08:10:20
570,3,2014-07-17T08:11:16
571,3,2014-07-17T08:11:29
572,3,2014-07-17T08:11:29
573,3,2014-07-17T08:11:30
574,3,2014-07-17T08:11:30
575,3,2014-07-17T08:11:30
576,3,2014-07-17T08:11:30
577,3,2014-07-17T08:11:33
578,3,2014-07-17T08:11:45
579,3,2014-07-17T08:11:45
580,3,2014-07-17T08:11:45
581,3,2014-07-17T08:11:45
582,3,2014-07-17T08:11:46
583,3,2014-07-17T08:11:46
584,3,2014-07-17T08:12:08
585,3,2014-07-17T08:12:08
586,3,2014-07-17T08:12:09
587,3,2014-07-17T08:12:09
588,3,2014-07-17T08:12:09
589,3,2014-07-17T08:12:09
590,3,2014-07-17T08:12:10
591,3,2014-07-17T08:12:10
592,3,2014-07-17T08:12:12
593,3,2014-07-17T08:12:18
594,3,2014-07-17T08:12:48
595,3,2014-07-17T08:12:55
596,3,2014-07-17T08:13:12
597,3,2014-07-17T08:13:14
598,3,2014-07-17T08:13:20
599,3,2014-07-17T08:13:40
600,3,2014-07-17T08:13:40
601,3,2014-07-17T08:13:42
602,4,2014-06-15T01:44:10
603,4,2014-06-15T01:44:13
604,4,2014-06-15T01:44:13
605,4,2014-06-15T01:44:35
606,4,2014-06-15T02:05:21
607,4,2014-06-15T02:23:06
608,4,2014-06-15T02:27:12
609,4,2014-06-15T02:27:52
610,4,2014-06-15T02:27:52
611,4,2014-06-15T02:28:07
612,4,2014-06-15T02:28:12
613,4,2014-06-15T02:28:12
614,4,2014-06-15T02:28:15
615,4,2014-06-15T02:28:56
616,4,2014-06-15T02:31:09
617,4,2014-06-15T02:31:16
618,4,2014-06-15T06:45:13
619,4,2014-06-15T06:54:28
620,4,2014-06-15T08:37:53
621,4,2014-06-15T08:37:53
622,4,2014-06-16T00:26:12
623,4,2014-06-16T00:26:15
624,4,2014-06-16T00:26:15
625,4,2014-06-16T00:26:18
626,4,2014-06-16T00:42:44
627,4,2014-06-16T00:47:20
628,4,2014-06-16T00:48:16
629,4,2014-06-16T00:48:20
630,4,2014-06-16T00:48:26
631,4,2014-06-16T00:48:26
632,4,2014-06-16T00:48:42
633,4,2014-06-21T08:02:03
634,4,2014-06-21T08:02:18
635,4,2014-06-21T08:02:18
636,4,2014-06-21T08:02:23
637,4,2014-06-21T08:03:08
638,4,2014-06-21T08:03:10
639,4,2014-06-21T08:03:10
640,4,2014-06-21T08:03:18
641,4,2014-06-21T08:03:49
642,4,2014-06-21T08:14:52
643,4,2014-06-21T08:17:35
644,4,2014-06-22T02:27:52
645,4,2014-06-23T02:46:39
646,4,2014-06-23T02:46:44
647,4,2014-06-23T02:46:44
648,4,2014-06-23T02:46:48
649,4,2014-06-23T02:55:06
650,4,2014-06-23T02:55:07
651,4,2014-06-23T02:55:12
652,4,2014-06-23T02:55:18
653,4,2014-06-23T03:04:31
654,4,2014-06-25T11:23:20
655,4,2014-06-25T11:23:24
656,4,2014-06-25T11:23:24
657,4,2014-06-25T12:13:00
658,4,2014-06-25T12:13:00
659,4,2014-06-25T12:15:03
660,4,2014-06-25T12:16:27
661,4,2014-06-25T12:21:37
662,4,2014-06-25T12:27:22
663,4,2014-06-25T12:36:44
664,4,2014-06-25T12:50:23
665,4,2014-06-25T13:14:22
666,4,2014-06-25T13:14:22
667,4,2014-06-25T13:15:08
668,4,2014-06-25T13:15:13
669,4,2014-06-25T13:15:13
670,4,2014-06-25T13:15:13
671,4,2014-06-26T07:03:36
672,4,2014-06-26T07:03:57
673,4,2014-06-26T11:39:50
674,4,2014-06-26T11:40:02
675,4,2014-06-26T13:33:50
676,4,2014-06-26T13:33:50
677,4,2014-06-26T13:33:50
678,4,2014-07-01T23:53:42
679,4,2014-07-01T23:53:51
680,4,2014-07-01T23:53:52
681,4,2014-07-01T23:54:38
682,4,2014-07-01T23:54:59
683,4,2014-07-01T23:58:05
684,4,2014-07-01T23:58:06
685,4,2014-07-02T00:00:26
686,4,2014-07-02T00:00:38
687,4,2014-07-02T00:00:38
688,4,2014-07-02T11:21:26
689,4,2014-07-02T11:21:32
690,4,2014-07-02T11:21:46
691,4,2014-07-02T11:21:46
692,4,2014-07-02T11:21:51
693,4,2014-07-02T11:23:18
694,4,2014-07-02T11:23:21
695,4,2014-07-02T11:23:21
696,4,2014-07-02T11:32:32
697,4,2014-07-02T11:32:33
698,4,2014-07-02T11:32:39
699,4,2014-07-02T11:32:39
700,4,2014-07-02T11:32:47
701,5,2014-06-19T05:41:37
702,5,2014-06-19T05:41:45
703,5,2014-06-21T03:49:38
704,5,2014-06-21T03:50:03
705,5,2014-06-21T03:53:34
706,5,2014-06-21T03:53:54
707,5,2014-06-21T03:53:55
708,5,2014-06-21T04:00:24
709,5,2014-06-21T04:00:59
710,5,2014-06-21T04:01:00
711,5,2014-06-21T04:01:11
712,5,2014-06-21T04:01:12
713,5,2014-06-21T04:03:21
714,5,2014-06-21T04:03:22
715,5,2014-06-21T04:05:32
716,5,2014-06-21T04:05:36
717,5,2014-06-21T04:05:36
718,5,2014-06-21T04:05:42
719,5,2014-06-21T04:05:43
720,5,2014-06-21T04:06:01
721,5,2014-06-21T04:10:24
722,5,2014-06-21T04:10:33
723,5,2014-06-21T04:10:34
724,5,2014-06-21T04:10:40
725,5,2014-06-21T04:10:40
726,5,2014-06-21T04:10:57
727,5,2014-06-21T04:17:44
728,5,2014-06-21T04:18:02
729,5,2014-06-21T04:18:02
730,5,2014-06-21T04:18:10
731,5,2014-06-21T04:18:11
732,5,2014-06-21T04:18:11
733,5,2014-06-21T04:37:00
734,5,2014-06-21T04:40:50
735,5,2014-06-21T04:40:51
736,5,2014-06-21T04:42:01
737,5,2014-06-21T04:42:20
738,5,2014-06-21T04:42:21
739,5,2014-06-21T04:42:21
740,5,2014-06-21T04:48:45
741,5,2014-06-21T04:49:00
742,5,2014-06-21T04:49:01
743,5,2014-06-21T04:49:05
744,5,2014-06-21T04:49:06
745,5,2014-06-21T04:49:06
746,5,2014-06-21T04:49:10
747,5,2014-06-21T04:49:13
748,5,2014-06-21T04:49:13
749,5,2014-06-21T04:49:24
750,5,2014-06-21T04:49:25
751,5,2014-06-21T04:58:56
752,5,2014-06-21T04:58:57
753,5,2014-06-21T04:58:57
754,5,2014-06-21T05:11:11
755,5,2014-06-21T05:12:03
756,5,2014-06-21T05:12:04
757,5,2014-06-21T05:12:36
758,5,2014-06-21T05:12:54
759,5,2014-06-21T05:13:38
760,5,2014-06-21T05:13:39
761,5,2014-06-21T05:13:47
762,5,2014-06-21T05:13:47
763,5,2014-06-21T05:14:05
764,5,2014-06-21T05:14:05
765,5,2014-06-21T05:14:06
766,5,2014-06-21T05:29:31
767,5,2014-06-21T05:29:32
768,5,2014-06-21T05:29:32
769,5,2014-06-21T05:29:37
770,5,2014-06-21T05:29:38
771,5,2014-06-21T05:32:12
772,5,2014-06-21T05:33:26
773,5,2014-06-21T05:33:26
774,5,2014-06-21T05:33:28
775,5,2014-06-21T05:33:28
776,5,2014-06-21T05:33:34
777,5,2014-06-21T05:33:36
778,5,2014-06-21T05:36:01
779,5,2014-06-21T05:36:02
780,5,2014-06-21T05:47:20
781,5,2014-06-21T05:47:22
782,5,2014-06-21T05:47:25
783,5,2014-06-21T05:47:28
784,5,2014-06-21T05:47:32
785,5,2014-06-21T05:48:48
786,5,2014-06-21T05:49:06
787,5,2014-06-21T05:49:07
788,5,2014-06-21T05:49:09
789,5,2014-06-21T05:49:09
790,5,2014-06-21T05:49:15
791,5,2014-06-21T05:49:15
792,5,2014-06-21T05:49:15
793,5,2014-06-21T05:49:41
794,5,2014-06-21T05:49:41
795,5,2014-06-21T05:49:42
796,5,2014-06-21T05:49:58
797,5,2014-06-21T05:52:14
798,5,2014-06-21T05:52:15
799,5,2014-06-21T05:52:31
800,5,2014-06-21T05:52:32
801,5,2014-06-21T05:53:44
802,5,2014-06-21T05:53:44
803,5,2014-06-21T05:53:47
804,5,2014-06-21T05:53:48
805,5,2014-06-21T05:53:58
806,5,2014-06-21T06:04:15
807,5,2014-06-21T06:04:24
808,5,2014-06-21T06:09:11
809,5,2014-06-21T06:09:12
810,5,2014-06-21T06:09:14
811,5,2014-06-21T06:09:14
812,5,2014-06-21T06:14:26
813,5,2014-06-21T06:14:27
814,5,2014-06-21T06:18:53
815,5,2014-06-21T06:37:09
816,5,2014-06-21T06:37:09
817,5,2014-06-21T06:37:11
818,5,2014-06-21T06:37:11
819,5,2014-06-21T06:38:16
820,5,2014-06-21T06:38:21
821,5,2014-06-21T06:38:22
822,5,2014-06-21T06:38:54
823,5,2014-06-21T06:39:05
824,5,2014-06-21T06:39:09
825,5,2014-06-21T06:39:10
826,5,2014-06-21T06:51:21
827,5,2014-06-21T06:51:22
828,5,2014-06-21T06:54:34
829,5,2014-06-21T06:54:41
830,5,2014-06-21T06:54:41
831,5,2014-06-21T06:54:44
832,5,2014-06-21T06:54:44
833,5,2014-06-21T06:55:18
834,5,2014-06-21T06:55:19
835,5,2014-06-21T06:58:26
836,5,2014-06-21T06:58:27
837,5,2014-06-21T06:58:37
838,5,2014-06-21T06:58:38
839,5,2014-06-21T06:59:36
840,5,2014-06-21T07:00:01
841,5,2014-06-21T07:00:09
842,5,2014-06-21T07:00:16
843,5,2014-06-21T07:00:30
844,5,2014-06-21T07:00:36
845,5,2014-06-21T07:00:41
846,5,2014-06-21T07:00:44
847,5,2014-06-21T07:00:59
848,5,2014-06-29T19:42:06
849,5,2014-06-29T19:42:15
850,5,2014-06-29T19:42:16
851,5,2014-06-29T19:42:30
852,5,2014-06-29T19:42:32
853,5,2014-06-29T19:42:39
854,5,2014-06-29T19:42:48
855,5,2014-06-29T19:42:49
856,5,2014-06-29T19:43:07
857,5,2014-06-29T19:43:08
858,5,2014-06-29T20:03:07
859,5,2014-06-29T20:03:08
860,5,2014-06-29T20:03:08
861,5,2014-06-29T20:19:28
862,5,2014-06-29T22:09:55
863,5,2014-06-29T22:09:56
864,5,2014-06-29T22:18:32
865,5,2014-06-29T22:18:33
866,5,2014-06-29T22:18:33
867,5,2014-06-29T22:19:30
868,5,2014-06-29T22:19:31
869,5,2014-06-29T22:19:31
870,5,2014-06-29T22:19:44
871,5,2014-06-29T22:19:45
872,5,2014-06-29T22:27:39
873,5,2014-06-29T22:27:40
874,5,2014-06-29T22:27:40
875,5,2014-06-29T22:27:46
876,5,2014-06-29T22:27:47
877,5,2014-06-29T22:34:28
878,5,2014-06-29T22:36:35
879,5,2014-06-29T22:36:35
880,5,2014-06-30T00:49:57
881,5,2014-06-30T00:50:24
882,5,2014-06-30T00:50:24
883,5,2014-06-30T00:50:24
884,5,2014-06-30T00:50:32
885,5,2014-06-30T00:50:32
886,5,2014-06-30T00:50:36
887,5,2014-06-30T01:02:10
888,5,2014-06-30T01:05:55
889,5,2014-06-30T03:58:35
890,5,2014-06-30T03:58:36
891,5,2014-06-30T04:13:04
892,5,2014-06-30T04:13:13
893,5,2014-06-30T04:13:14
894,5,2014-06-30T04:13:15
895,5,2014-06-30T04:16:17
896,5,2014-06-30T04:17:15
897,5,2014-06-30T04:17:16
898,5,2014-06-30T04:17:19
899,5,2014-06-30T04:17:19
900,5,2014-06-30T04:17:26
901,5,2014-06-30T04:17:27
902,5,2014-06-30T04:21:54
903,5,2014-06-30T04:22:00
904,5,2014-06-30T04:22:01
905,5,2014-06-30T04:22:04
906,5,2014-06-30T04:22:07
907,5,2014-06-30T04:47:15
908,5,2014-06-30T04:51:42
909,5,2014-06-30T04:51:43
910,5,2014-06-30T05:04:56
911,5,2014-06-30T05:06:49
912,5,2014-06-30T05:06:50
913,5,2014-06-30T05:16:50
914,5,2014-06-30T05:16:51
915,5,2014-06-30T05:18:01
916,5,2014-06-30T05:18:23
917,5,2014-06-30T05:18:24
918,5,2014-06-30T05:18:26
919,5,2014-06-30T05:18:26
920,5,2014-06-30T05:18:36
921,5,2014-06-30T05:18:38
922,5,2014-06-30T05:18:38
923,5,2014-06-30T05:30:42
924,5,2014-06-30T05:30:42
925,5,2014-06-30T05:30:45
926,5,2014-06-30T05:30:45
927,5,2014-06-30T05:31:07
928,5,2014-06-30T16:43:24
929,5,2014-06-30T16:43:36
930,5,2014-06-30T16:44:17
931,5,2014-06-30T16:44:37
932,5,2014-06-30T16:45:37
933,5,2014-06-30T16:45:38
934,5,2014-06-30T16:45:43
935,5,2014-06-30T16:45:44
936,5,2014-06-30T17:11:53
937,5,2014-06-30T17:12:13
938,5,2014-06-30T17:12:18
939,5,2014-06-30T17:53:28
940,5,2014-06-30T17:53:29
941,5,2014-06-30T17:58:35
942,5,2014-06-30T18:14:24
943,5,2014-06-30T18:14:29
944,5,2014-06-30T18:21:57
945,5,2014-06-30T18:52:56
946,5,2014-06-30T19:03:20
947,5,2014-06-30T19:03:27
948,5,2014-06-30T19:05:52
949,5,2014-06-30T19:06:20
950,5,2014-06-30T19:06:27
951,5,2014-06-30T19:14:15
952,5,2014-06-30T19:30:56
953,5,2014-06-30T19:30:57
954,5,2014-06-30T19:33:05
955,5,2014-06-30T19:33:07
956,5,2014-06-30T19:33:07
957,5,2014-06-30T19:33:50
958,5,2014-06-30T19:35:29
959,5,2014-06-30T19:35:30
960,5,2014-06-30T19:35:30
961,5,2014-06-30T19:36:20
962,5,2014-06-30T19:36:21
963,5,2014-06-30T19:36:22
964,5,2014-06-30T19:36:32
965,5,2014-06-30T19:36:32
966,5,2014-06-30T19:37:25
967,5,2014-06-30T19:37:26
968,5,2014-06-30T19:37:45
969,5,2014-06-30T19:37:45
970,5,2014-06-30T19:39:33
971,5,2014-06-30T19:39:34
972,5,2014-06-30T19:39:34
973,5,2014-06-30T19:49:22
974,5,2014-06-30T19:49:23
975,5,2014-06-30T19:54:23
976,5,2014-06-30T19:54:24
977,5,2014-06-30T19:56:24
978,5,2014-06-30T19:56:25
979,5,2014-06-30T19:56:25
980,5,2014-06-30T19:57:46
981,5,2014-06-30T20:06:34
982,5,2014-06-30T20:06:35
983,5,2014-06-30T20:06:36
984,5,2014-06-30T20:06:36
985,5,2014-06-30T22:54:52
986,5,2014-06-30T22:54:53
987,5,2014-06-30T22:59:53
988,5,2014-06-30T22:59:54
989,5,2014-06-30T22:59:54
990,5,2014-06-30T23:01:49
991,5,2014-06-30T23:02:25
992,5,2014-06-30T23:02:26
993,5,2014-06-30T23:02:29
994,5,2014-06-30T23:03:03
995,5,2014-06-30T23:03:48
996,5,2014-06-30T23:03:48
997,5,2014-06-30T23:03:49
998,5,2014-06-30T23:03:49
999,5,2014-06-30T23:05:56
